duration,mu_opt,sigma_opt
x0.25hr,3.3636944667674618,0.34520017404361575
x1hr,2.7441240671409584,0.30394259215538677
x2hr,3.072082299003625,0.2632432092736903
