duration,mu_opt,sigma_opt
x1hr,1.0956518514387965,0.21863707023524398
x2hr,1.205912829788312,0.20678921602416983
x3hr,1.259282432525028,0.20042441811725623
