duration,mu_opt,sigma_opt
x0.25hr,3.1679794169145437,0.28743989858772667
x1hr,2.9423408698099855,0.2419100567877695
x2hr,2.6754888305112168,0.2785537818429072
