mu_opt,sigma_opt
1.504097531134496,0.13918255273605107
