duration,mu_opt,sigma_opt
x0.25hr,3.5033592039369954,0.33020780169952413
x1hr,2.7938311628717223,0.3350418069908656
x2hr,2.8681606189378632,0.25227786282837916
