mu_opt,sigma_opt
1.7605632085802083,0.07271703615901275
