duration,mu_opt,sigma_opt
x0.25hr,2.886445703694095,0.2102869259246506
x1hr,2.770068318491223,0.21796337722093093
