duration,mu_opt,sigma_opt
x0.25hr,3.3805144233547364,0.5431840386803324
x0.5hr,3.204552794502284,0.5464082127115611
x1hr,3.0949880642194763,0.5640009962138555
x2hr,3.007158464955781,0.5660769272184667
x3hr,2.9715587443733167,0.5738504994802334
