duration,mu_opt,sigma_opt
x0.25hr,4.830624137700131,1.217141430493272
