duration,mu_opt,sigma_opt
x0.25hr,3.4528787705040798,0.17790652614865782
x1hr,3.3611037302961173,0.19340686644324764
x2hr,2.8038900036736547,0.17518132499957684
