duration,mu_opt,sigma_opt
x0.25hr,3.4925983226489317,0.1614628279218559
x1hr,2.8982742786450593,0.16500104045240555
x2hr,2.886013514233464,0.32373289641361835
