duration,mu_opt,sigma_opt
x0.25hr,3.395048549927051,0.18881351390028742
x1hr,3.226398299487447,0.20332245836811486
x2hr,3.262650184985847,0.2037953622739203
