duration,mu_opt,sigma_opt
x0.25hr,4.407018742365986,1.0687259850320934
x0.50hr,4.408613172298981,1.121682428662504
x1hr,4.458123739902633,1.203660946542664
x2hr,4.5317963776188375,1.3004319772383781
x3hr,4.604075546557205,1.3781342755401158
