duration,mu_opt,sigma_opt
x0.25hr,4.671467549035236,1.2131691099668105
x1hr,4.69019087024987,1.3447430631947048
x2hr,4.742308167857326,1.433844123271501
x3hr,4.70195014211906,1.4383458073669235
